{"trial_id": "1", "hyperparameters": {"space": [{"class_name": "Int", "config": {"name": "units", "default": null, "conditions": [], "min_value": 8, "max_value": 64, "step": 8, "sampling": "linear"}}, {"class_name": "Choice", "config": {"name": "learning_rate", "default": 0.01, "conditions": [], "values": [0.01, 0.001, 0.0001], "ordered": true}}], "values": {"units": 8, "learning_rate": 0.01}}, "metrics": {"metrics": {"accuracy": {"direction": "max", "observations": [{"value": [0.800000011920929], "step": 6}]}, "loss": {"direction": "min", "observations": [{"value": [0.3079371154308319], "step": 6}]}, "val_accuracy": {"direction": "max", "observations": [{"value": [0.5], "step": 6}]}, "val_loss": {"direction": "min", "observations": [{"value": [2.035230875015259], "step": 6}]}}}, "score": 0.5, "best_step": 6, "status": "COMPLETED", "message": null}