{"trial_id": "0", "hyperparameters": {"space": [{"class_name": "Int", "config": {"name": "units", "default": null, "conditions": [], "min_value": 8, "max_value": 64, "step": 8, "sampling": "linear"}}, {"class_name": "Choice", "config": {"name": "learning_rate", "default": 0.01, "conditions": [], "values": [0.01, 0.001, 0.0001], "ordered": true}}], "values": {"units": 8, "learning_rate": 0.001}}, "metrics": {"metrics": {"accuracy": {"direction": "max", "observations": [{"value": [0.800000011920929], "step": 0}]}, "loss": {"direction": "min", "observations": [{"value": [0.476210355758667], "step": 0}]}, "val_accuracy": {"direction": "max", "observations": [{"value": [0.5], "step": 0}]}, "val_loss": {"direction": "min", "observations": [{"value": [1.0916613340377808], "step": 0}]}}}, "score": 0.5, "best_step": 0, "status": "COMPLETED", "message": null}