{"trial_id": "2", "hyperparameters": {"space": [{"class_name": "Int", "config": {"name": "units", "default": null, "conditions": [], "min_value": 8, "max_value": 64, "step": 8, "sampling": "linear"}}, {"class_name": "Choice", "config": {"name": "learning_rate", "default": 0.01, "conditions": [], "values": [0.01, 0.001, 0.0001], "ordered": true}}], "values": {"units": 32, "learning_rate": 0.001}}, "metrics": {"metrics": {"accuracy": {"direction": "max", "observations": [{"value": [0.20000000298023224], "step": 19}]}, "loss": {"direction": "min", "observations": [{"value": [1.3205020427703857], "step": 19}]}, "val_accuracy": {"direction": "max", "observations": [{"value": [1.0], "step": 19}]}, "val_loss": {"direction": "min", "observations": [{"value": [0.49798697233200073], "step": 19}]}}}, "score": 1.0, "best_step": 19, "status": "COMPLETED", "message": null}