{"trial_id": "4", "hyperparameters": {"space": [{"class_name": "Int", "config": {"name": "units", "default": null, "conditions": [], "min_value": 8, "max_value": 64, "step": 8, "sampling": "linear"}}, {"class_name": "Choice", "config": {"name": "learning_rate", "default": 0.01, "conditions": [], "values": [0.01, 0.001, 0.0001], "ordered": true}}], "values": {"units": 56, "learning_rate": 0.001}}, "metrics": {"metrics": {"accuracy": {"direction": "max", "observations": [{"value": [0.20000000298023224], "step": 18}]}, "loss": {"direction": "min", "observations": [{"value": [1.0957845449447632], "step": 18}]}, "val_accuracy": {"direction": "max", "observations": [{"value": [1.0], "step": 18}]}, "val_loss": {"direction": "min", "observations": [{"value": [0.5460836291313171], "step": 18}]}}}, "score": 1.0, "best_step": 18, "status": "COMPLETED", "message": null}