{"trial_id": "3", "hyperparameters": {"space": [{"class_name": "Int", "config": {"name": "units", "default": null, "conditions": [], "min_value": 8, "max_value": 64, "step": 8, "sampling": "linear"}}, {"class_name": "Choice", "config": {"name": "learning_rate", "default": 0.01, "conditions": [], "values": [0.01, 0.001, 0.0001], "ordered": true}}], "values": {"units": 64, "learning_rate": 0.01}}, "metrics": {"metrics": {"accuracy": {"direction": "max", "observations": [{"value": [0.4000000059604645], "step": 0}]}, "loss": {"direction": "min", "observations": [{"value": [0.7364468574523926], "step": 0}]}, "val_accuracy": {"direction": "max", "observations": [{"value": [0.5], "step": 0}]}, "val_loss": {"direction": "min", "observations": [{"value": [0.715281069278717], "step": 0}]}}}, "score": 0.5, "best_step": 0, "status": "COMPLETED", "message": null}